{
  "name": "WhatsApp Guest Request Workflow",
  "nodes": [
    {
      "parameters": {
        "httpMethod": "POST",
        "path": "whatsapp-webhook",
        "responseMode": "responseNode",
        "options": {}
      },
      "id": "webhook-trigger",
      "name": "WhatsApp Webhook",
      "type": "n8n-nodes-base.webhook",
      "typeVersion": 1,
      "position": [240, 300],
      "webhookId": "whatsapp-guest-requests"
    },
    {
      "parameters": {
        "conditions": {
          "string": [
            {
              "value1": "={{$json.entry[0].changes[0].value.messages[0].type}}",
              "operation": "equal",
              "value2": "text"
            }
          ]
        }
      },
      "id": "filter-text-messages",
      "name": "Filter Text Messages",
      "type": "n8n-nodes-base.if",
      "typeVersion": 1,
      "position": [460, 300]
    },
    {
      "parameters": {
        "values": {
          "string": [
            {
              "name": "guestPhone",
              "value": "={{$json.entry[0].changes[0].value.messages[0].from}}"
            },
            {
              "name": "requestText",
              "value": "={{$json.entry[0].changes[0].value.messages[0].text.body}}"
            },
            {
              "name": "messageId",
              "value": "={{$json.entry[0].changes[0].value.messages[0].id}}"
            },
            {
              "name": "timestamp",
              "value": "={{$json.entry[0].changes[0].value.messages[0].timestamp}}"
            }
          ]
        },
        "options": {}
      },
      "id": "extract-message-data",
      "name": "Extract Message Data",
      "type": "n8n-nodes-base.set",
      "typeVersion": 1,
      "position": [680, 200]
    },
    {
      "parameters": {
        "url": "http://localhost:3001/api/requests",
        "sendHeaders": true,
        "headerParameters": {
          "parameters": [
            {
              "name": "Content-Type",
              "value": "application/json"
            }
          ]
        },
        "sendBody": true,
        "bodyParameters": {
          "parameters": [
            {
              "name": "guestPhone",
              "value": "={{$json.guestPhone}}"
            },
            {
              "name": "requestText",
              "value": "={{$json.requestText}}"
            }
          ]
        },
        "options": {}
      },
      "id": "save-to-backend",
      "name": "Save to Backend",
      "type": "n8n-nodes-base.httpRequest",
      "typeVersion": 4.1,
      "position": [900, 200]
    },
    {
      "parameters": {
        "url": "https://graph.facebook.com/v18.0/{{$env.WHATSAPP_PHONE_NUMBER_ID}}/messages",
        "sendHeaders": true,
        "headerParameters": {
          "parameters": [
            {
              "name": "Authorization",
              "value": "Bearer {{$env.WHATSAPP_ACCESS_TOKEN}}"
            },
            {
              "name": "Content-Type",
              "value": "application/json"
            }
          ]
        },
        "sendBody": true,
        "bodyParameters": {
          "parameters": [
            {
              "name": "messaging_product",
              "value": "whatsapp"
            },
            {
              "name": "to",
              "value": "={{$node['Extract Message Data'].json.guestPhone}}"
            },
            {
              "name": "type",
              "value": "text"
            },
            {
              "name": "text",
              "value": "{\"body\": \"Thank you for your request! Our staff will assist you soon. Your request has been logged and we'll get back to you shortly. 🏨✨\"}"
            }
          ]
        },
        "options": {}
      },
      "id": "send-confirmation",
      "name": "Send Confirmation",
      "type": "n8n-nodes-base.httpRequest",
      "typeVersion": 4.1,
      "position": [1120, 200]
    },
    {
      "parameters": {
        "respondWith": "json",
        "responseBody": "={\"success\": true, \"message\": \"Request processed successfully\"}"
      },
      "id": "webhook-response",
      "name": "Webhook Response",
      "type": "n8n-nodes-base.respondToWebhook",
      "typeVersion": 1,
      "position": [1340, 200]
    },
    {
      "parameters": {
        "respondWith": "json",
        "responseBody": "={\"success\": false, \"message\": \"Only text messages are supported\"}"
      },
      "id": "unsupported-response",
      "name": "Unsupported Response",
      "type": "n8n-nodes-base.respondToWebhook",
      "typeVersion": 1,
      "position": [680, 400]
    }
  ],
  "connections": {
    "WhatsApp Webhook": {
      "main": [
        [
          {
            "node": "Filter Text Messages",
            "type": "main",
            "index": 0
          }
        ]
      ]
    },
    "Filter Text Messages": {
      "main": [
        [
          {
            "node": "Extract Message Data",
            "type": "main",
            "index": 0
          }
        ],
        [
          {
            "node": "Unsupported Response",
            "type": "main",
            "index": 0
          }
        ]
      ]
    },
    "Extract Message Data": {
      "main": [
        [
          {
            "node": "Save to Backend",
            "type": "main",
            "index": 0
          }
        ]
      ]
    },
    "Save to Backend": {
      "main": [
        [
          {
            "node": "Send Confirmation",
            "type": "main",
            "index": 0
          }
        ]
      ]
    },
    "Send Confirmation": {
      "main": [
        [
          {
            "node": "Webhook Response",
            "type": "main",
            "index": 0
          }
        ]
      ]
    }
  },
  "active": true,
  "settings": {},
  "versionId": "1"
}
